Replication,Scenario,Throughput,WIP
1,Before (孤岛式),4748,25.55952380952381
1,After (精益化),21657,4.385714285714286
2,Before (孤岛式),4749,7.171428571428572
2,After (精益化),21642,4.34047619047619
3,Before (孤岛式),4761,11.138095238095238
3,After (精益化),21648,4.280952380952381
4,Before (孤岛式),4766,21.364285714285714
4,After (精益化),21644,4.3619047619047615
5,Before (孤岛式),4742,9.219047619047618
5,After (精益化),21642,4.354761904761904
6,Before (孤岛式),4745,24.42142857142857
6,After (精益化),21638,4.335714285714285
7,Before (孤岛式),4757,25.957142857142856
7,After (精益化),21662,4.328571428571428
8,Before (孤岛式),4743,13.695238095238095
8,After (精益化),21643,4.309523809523809
9,Before (孤岛式),4755,18.43095238095238
9,After (精益化),21646,4.373809523809523
10,Before (孤岛式),4744,6.497619047619048
10,After (精益化),21650,4.3
11,Before (孤岛式),4746,13.104761904761904
11,After (精益化),21656,4.347619047619047
12,Before (孤岛式),4732,5.576190476190476
12,After (精益化),21654,4.3428571428571425
13,Before (孤岛式),4744,11.928571428571429
13,After (精益化),21639,4.304761904761905
14,Before (孤岛式),4758,6.207142857142857
14,After (精益化),21638,4.321428571428571
15,Before (孤岛式),4756,8.561904761904762
15,After (精益化),21648,4.3238095238095235
16,Before (孤岛式),4759,14.335714285714285
16,After (精益化),21643,4.316666666666666
17,Before (孤岛式),4766,10.664285714285715
17,After (精益化),21660,4.3619047619047615
18,Before (孤岛式),4752,24.052380952380954
18,After (精益化),21646,4.304761904761905
19,Before (孤岛式),4765,9.452380952380953
19,After (精益化),21637,4.347619047619047
20,Before (孤岛式),4751,10.161904761904761
20,After (精益化),21647,4.347619047619047
21,Before (孤岛式),4758,32.92619047619048
21,After (精益化),21650,4.328571428571428
22,Before (孤岛式),4745,10.176190476190476
22,After (精益化),21657,4.385714285714286
23,Before (孤岛式),4747,8.530952380952382
23,After (精益化),21643,4.347619047619047
24,Before (孤岛式),4772,26.804761904761904
24,After (精益化),21649,4.352380952380952
25,Before (孤岛式),4758,16.61190476190476
25,After (精益化),21654,4.316666666666666
26,Before (孤岛式),4785,10.833333333333334
26,After (精益化),21641,4.419047619047619
27,Before (孤岛式),4774,10.445238095238095
27,After (精益化),21652,4.330952380952381
28,Before (孤岛式),4750,6.416666666666667
28,After (精益化),21654,4.366666666666666
29,Before (孤岛式),4770,13.99047619047619
29,After (精益化),21655,4.419047619047619
30,Before (孤岛式),4747,5.942857142857143
30,After (精益化),21649,4.330952380952381
